seqnames,start,end,ID,Name,Description,z_score
Lcu.1GRN.Chr2,416199810,416201268,Lcu.1GRN.2g056500,Lcu.1GRN.2g056500,1-aminocyclopropane-1-carboxylate oxidase,11.99204626
Lcu.1GRN.Chr4,113993630,113994503,Lcu.1GRN.4g016010,Lcu.1GRN.4g016010,28 kDa heat- and acid-stable phosphoprotein,4.584194489
Lcu.1GRN.Chr4,491787653,491789800,Lcu.1GRN.4g071840,Lcu.1GRN.4g071840,28S ribosomal protein S36;  mitochondrial,4.423422974
Lcu.1GRN.Chr2,139972146,139983425,Lcu.1GRN.2g026600,Lcu.1GRN.2g026600,2-oxoglutarate and iron-dependent oxygenase domain-containing protein CP2,6.054234084
Lcu.1GRN.Chr7,4456867,4458544,Lcu.1GRN.7g002400,Lcu.1GRN.7g002400,40S ribosomal protein S8,5.389069044
Lcu.1GRN.Chr1,5041345,5043895,Lcu.1GRN.1g002410,Lcu.1GRN.1g002410,54S ribosomal protein L24;  mitochondrial,6.815088907
Lcu.1GRN.Chr2,319300131,319303021,Lcu.1GRN.2g042930,Lcu.1GRN.2g042930,5-adenylylsulfate reductase-like protein,8.67049651
Lcu.1GRN.Chr7,631304952,631307078,Lcu.1GRN.7g069760,Lcu.1GRN.7g069760,60S ribosomal L14-like protein,8.101208436
Lcu.1GRN.Chr4,115413306,115416356,Lcu.1GRN.4g016240,Lcu.1GRN.4g016240,60S ribosomal protein L10,5.37512711
Lcu.1GRN.Chr4,115413374,115413929,Lcu.1GRN.4g016250,Lcu.1GRN.4g016250,60S ribosomal protein L10,5.37512711
Lcu.1GRN.Chr2,318893677,318894656,Lcu.1GRN.2g042880,Lcu.1GRN.2g042880,60S ribosomal protein L13a-4,4.574934231
Lcu.1GRN.Chr3,317442724,317444023,Lcu.1GRN.3g042260,Lcu.1GRN.3g042260,60S ribosomal protein L17,8.489681769
Lcu.1GRN.Chr5,466577396,466578807,Lcu.1GRN.5g058230,Lcu.1GRN.5g058230,60S ribosomal protein L18a,4.471860932
Lcu.1GRN.Chr2,989102,989509,Lcu.1GRN.2g000550,Lcu.1GRN.2g000550,60S ribosomal protein L27,5.210495468
Lcu.1GRN.Chr4,324991223,325004063,Lcu.1GRN.4g039520,Lcu.1GRN.4g039520,AAA domain-containing protein,9.254477036
Lcu.1GRN.Chr1,5088004,5093086,Lcu.1GRN.1g002460,Lcu.1GRN.1g002460,AAA domain-containing protein,4.919258117
Lcu.1GRN.Chr4,324674303,324679287,Lcu.1GRN.4g039370,Lcu.1GRN.4g039370,ABC transporter G family member 9,4.841526618
Lcu.1GRN.Chr1,5071597,5072817,Lcu.1GRN.1g002450,Lcu.1GRN.1g002450,ABC-type xenobiotic transporter,6.815088907
Lcu.1GRN.Chr4,113990437,113990664,Lcu.1GRN.4g015990,Lcu.1GRN.4g015990,Abnormal spindle-like microcephaly-associated-like protein;  putative,4.584194489
Lcu.1GRN.Chr5,30608487,30610864,Lcu.1GRN.5g012430,Lcu.1GRN.5g012430,Abscisic acid 8'-hydroxylase 1,6.028727068
Lcu.1GRN.Chr6,339468493,339470503,Lcu.1GRN.6g042090,Lcu.1GRN.6g042090,Abscisic acid-insensitive 5-like protein 2-like,7.674944164
Lcu.1GRN.Chr4,170550703,170551566,Lcu.1GRN.4g021850,Lcu.1GRN.4g021850,Acetyl-CoA acetyltransferase,4.670510768
Lcu.1GRN.Chr6,398305319,398307179,Lcu.1GRN.6g052630,Lcu.1GRN.6g052630,ACT domain-containing protein ACR,10.79363024
Lcu.1GRN.Chr5,466558896,466559213,Lcu.1GRN.5g058210,Lcu.1GRN.5g058210,Acyl-coenzyme A thioesterase 9;  mitochondrial-like,4.471860932
Lcu.1GRN.Chr4,170506714,170508812,Lcu.1GRN.4g021840,Lcu.1GRN.4g021840,Adenylyl-sulfate kinase,6.739859383
Lcu.1GRN.Chr4,324680695,324694827,Lcu.1GRN.4g039380,Lcu.1GRN.4g039380,Alanine--tRNA ligase,4.841526618
Lcu.1GRN.Chr6,398280273,398280761,Lcu.1GRN.6g052600,Lcu.1GRN.6g052600,Alkaline ceramidase,10.79363024
Lcu.1GRN.Chr2,136892480,136896137,Lcu.1GRN.2g026340,Lcu.1GRN.2g026340,Alpha/beta fold hydrolase,5.734167805
Lcu.1GRN.Chr3,451025169,451043237,Lcu.1GRN.3g069210,Lcu.1GRN.3g069210,Alpha-1; 3-mannosyl-glycoprotein 2-beta-N-acetylglucosaminyltransferase,5.520132784
Lcu.1GRN.Chr7,631288659,631290300,Lcu.1GRN.7g069740,Lcu.1GRN.7g069740,Alpha-and gamma-adaptin-binding protein p34,8.101208436
Lcu.1GRN.Chr2,1626251,1628838,Lcu.1GRN.2g000940,Lcu.1GRN.2g000940,Ankyrin repeat domain-containing protein 2B,5.170506252
Lcu.1GRN.Chr2,327306471,327313004,Lcu.1GRN.2g043610,Lcu.1GRN.2g043610,ARF GTPase activator,5.720296733
Lcu.1GRN.Chr4,289629120,289631489,Lcu.1GRN.4g034310,Lcu.1GRN.4g034310,Argonaute protein,5.818362362
Lcu.1GRN.Chr4,486635586,486640050,Lcu.1GRN.4g070680,Lcu.1GRN.4g070680,ARID domain-containing protein,5.022381317
Lcu.1GRN.Chr4,486693446,486696974,Lcu.1GRN.4g070760,Lcu.1GRN.4g070760,ARID domain-containing protein,4.725252714
Lcu.1GRN.Chr4,486675919,486676416,Lcu.1GRN.4g070740,Lcu.1GRN.4g070740,ARID domain-containing protein,4.710893621
Lcu.1GRN.Chr6,358726934,358741080,Lcu.1GRN.6g045350,Lcu.1GRN.6g045350,ARM repeat superfamily protein,7.87315749
Lcu.1GRN.Chr2,318896162,318899978,Lcu.1GRN.2g042890,Lcu.1GRN.2g042890,Aspartic proteinase Asp1-like,4.574934231
Lcu.1GRN.Chr7,5093944,5101162,Lcu.1GRN.7g002910,Lcu.1GRN.7g002910,ATP/DNA-binding protein,5.144758184
Lcu.1GRN.Chr4,486659920,486662822,Lcu.1GRN.4g070730,Lcu.1GRN.4g070730,AT-rich interactive domain-containing protein 2-like,5.022381317
Lcu.1GRN.Chr4,289622708,289623154,Lcu.1GRN.4g034290,Lcu.1GRN.4g034290,B3 domain-containing protein At3g25182-like,5.818362362
Lcu.1GRN.Chr4,289632008,289632740,Lcu.1GRN.4g034320,Lcu.1GRN.4g034320,B3 domain-containing protein At3g25182-like,5.818362362
Lcu.1GRN.Chr4,289004847,289006319,Lcu.1GRN.4g034190,Lcu.1GRN.4g034190,B-box zinc finger protein 24-like,7.347869937
Lcu.1GRN.Chr3,385250509,385298599,Lcu.1GRN.3g054830,Lcu.1GRN.3g054830,BEACH domain-containing protein B,10.55534916
Lcu.1GRN.Chr6,278085769,278113718,Lcu.1GRN.6g032080,Lcu.1GRN.6g032080,BEACH domain-containing protein C2,17.82637064
Lcu.1GRN.Chr6,278132793,278143104,Lcu.1GRN.6g032090,Lcu.1GRN.6g032090,BEACH domain-containing protein C2,14.05440369
Lcu.1GRN.Chr6,278144360,278146393,Lcu.1GRN.6g032100,Lcu.1GRN.6g032100,BEACH domain-containing protein C2,8.076283245
Lcu.1GRN.Chr7,631283332,631283994,Lcu.1GRN.7g069730,Lcu.1GRN.7g069730,Bet_v_1 domain-containing protein,8.101208436
Lcu.1GRN.Chr4,168119245,168120342,Lcu.1GRN.4g021500,Lcu.1GRN.4g021500,Beta-1; 4-mannosyl-glycoprotein 4-beta-N-acetylglucosaminyltransferase-like,5.03209394
Lcu.1GRN.Chr4,168119699,168120342,Lcu.1GRN.4g021510,Lcu.1GRN.4g021510,Beta-1; 4-mannosyl-glycoprotein 4-beta-N-acetylglucosaminyltransferase-like,5.03209394
Lcu.1GRN.Chr5,504119581,504121618,Lcu.1GRN.5g068920,Lcu.1GRN.5g068920,beta-mannosyltransferase 1,5.186952497
Lcu.1GRN.Chr4,106704998,106706291,Lcu.1GRN.4g015030,Lcu.1GRN.4g015030,BHLH transcription factor,8.345874709
Lcu.1GRN.Chr4,38853957,38857044,Lcu.1GRN.4g007440,Lcu.1GRN.4g007440,BSD domain protein,5.695031775
Lcu.1GRN.Chr2,322066834,322087596,Lcu.1GRN.2g043160,Lcu.1GRN.2g043160,BTB domain-containing protein,6.846100213
Lcu.1GRN.Chr4,289007824,289009214,Lcu.1GRN.4g034200,Lcu.1GRN.4g034200,C3HC4-type RING zinc finger protein,7.347869937
Lcu.1GRN.Chr6,338912845,338914034,Lcu.1GRN.6g041850,Lcu.1GRN.6g041850,Calmodulin,6.877364684
Lcu.1GRN.Chr2,54578102,54585158,Lcu.1GRN.2g015790,Lcu.1GRN.2g015790,Calmodulin-binding transcription activator 5-like protein,16.79641215
Lcu.1GRN.Chr4,288879831,288882554,Lcu.1GRN.4g034150,Lcu.1GRN.4g034150,calmodulin-like protein 3,6.99761183
Lcu.1GRN.Chr4,290145349,290154288,Lcu.1GRN.4g034400,Lcu.1GRN.4g034400,Calreticulin,12.87481866
Lcu.1GRN.Chr2,400171945,400174080,Lcu.1GRN.2g054040,Lcu.1GRN.2g054040,CASP-like protein,4.302980709
Lcu.1GRN.Chr5,403733698,403735094,Lcu.1GRN.5g047500,Lcu.1GRN.5g047500,CBL-interacting serine/threonine-protein kinase 10,5.717330295
Lcu.1GRN.Chr5,504150595,504156951,Lcu.1GRN.5g068950,Lcu.1GRN.5g068950,CCHC-type domain-containing protein,5.186952497
Lcu.1GRN.Chr4,461389318,461389828,Lcu.1GRN.4g065400,Lcu.1GRN.4g065400,Cell division cycle protein 48 homolog,7.704671296
Lcu.1GRN.Chr2,317833423,317841222,Lcu.1GRN.2g042820,Lcu.1GRN.2g042820,Chaperone protein htpG family protein,5.976211555
Lcu.1GRN.Chr2,327856260,327887598,Lcu.1GRN.2g043680,Lcu.1GRN.2g043680,CID domain-containing protein,7.315397139
Lcu.1GRN.Chr2,993006,995752,Lcu.1GRN.2g000560,Lcu.1GRN.2g000560,cleavage and polyadenylation specificity factor subunit 3-I,5.227603011
Lcu.1GRN.Chr4,37928391,37928810,Lcu.1GRN.4g007330,Lcu.1GRN.4g007330,Copper transport protein,6.929983111
Lcu.1GRN.Chr4,152163403,152166536,Lcu.1GRN.4g019600,Lcu.1GRN.4g019600,Core-2/I-branching beta-1; 6-N-acetylglucosaminyltransferase family protein,6.898537013
Lcu.1GRN.Chr4,288883722,288885883,Lcu.1GRN.4g034170,Lcu.1GRN.4g034170,CRM domain-containing protein,6.99761183
Lcu.1GRN.Chr6,340954895,340958020,Lcu.1GRN.6g042560,Lcu.1GRN.6g042560,Cyclic nucleotide gated channel,5.842797217
Lcu.1GRN.Chr4,499183883,499187029,Lcu.1GRN.4g073880,Lcu.1GRN.4g073880,Cyclin-dependent kinase,12.07027802
Lcu.1GRN.Chr2,54485788,54486945,Lcu.1GRN.2g015720,Lcu.1GRN.2g015720,Cysteine synthase 1,12.00765832
Lcu.1GRN.Chr3,233669853,233671301,Lcu.1GRN.3g028060,Lcu.1GRN.3g028060,Cysteine-rich receptor-like protein kinase 2,7.113279116
Lcu.1GRN.Chr3,233619100,233630546,Lcu.1GRN.3g028020,Lcu.1GRN.3g028020,Cysteine-rich RLK (Receptor-like kinase) protein,7.113279116
Lcu.1GRN.Chr3,233657639,233663564,Lcu.1GRN.3g028030,Lcu.1GRN.3g028030,Cysteine-rich RLK (Receptor-like kinase) protein,7.113279116
Lcu.1GRN.Chr4,288627763,288628924,Lcu.1GRN.4g034020,Lcu.1GRN.4g034020,Cysteine-rich RLK (Receptor-like protein kinase) 8,5.129111842
Lcu.1GRN.Chr2,416182679,416183563,Lcu.1GRN.2g056480,Lcu.1GRN.2g056480,Cytidine deaminase,11.99204626
Lcu.1GRN.Chr4,168122568,168124926,Lcu.1GRN.4g021540,Lcu.1GRN.4g021540,Cytochrome b561 and DOMON domain-containing protein,5.03209394
Lcu.1GRN.Chr5,403710713,403712955,Lcu.1GRN.5g047480,Lcu.1GRN.5g047480,Cytochrome P450,5.717330295
Lcu.1GRN.Chr2,135413472,135425236,Lcu.1GRN.2g025970,Lcu.1GRN.2g025970,Cytochrome P450 family protein,6.850477998
Lcu.1GRN.Chr7,648990000,648993915,Lcu.1GRN.7g078080,Lcu.1GRN.7g078080,Cytosolic Fe-S cluster assembly factor NBP35,4.86543641
Lcu.1GRN.Chr1,5049888,5051536,Lcu.1GRN.1g002420,Lcu.1GRN.1g002420,DEAD-box ATP-dependent RNA helicase-like protein,6.815088907
Lcu.1GRN.Chr4,288857236,288858886,Lcu.1GRN.4g034140,Lcu.1GRN.4g034140,Dentin sialophosphoprotein-like,6.99761183
Lcu.1GRN.Chr2,54495354,54503116,Lcu.1GRN.2g015740,Lcu.1GRN.2g015740,Dihydrolipoyl dehydrogenase,12.00765832
Lcu.1GRN.Chr4,170496845,170497246,Lcu.1GRN.4g021830,Lcu.1GRN.4g021830,Dirigent protein,4.462012218
Lcu.1GRN.Chr1,5067272,5070051,Lcu.1GRN.1g002440,Lcu.1GRN.1g002440,Disease resistance protein At1g50180,6.815088907
Lcu.1GRN.Chr2,416131023,416135536,Lcu.1GRN.2g056470,Lcu.1GRN.2g056470,DNA damage-binding protein 1,13.24346532
Lcu.1GRN.Chr6,398344191,398344748,Lcu.1GRN.6g052650,Lcu.1GRN.6g052650,DNA excision repair protein ERCC-8,4.461487821
Lcu.1GRN.Chr4,486723353,486730918,Lcu.1GRN.4g070780,Lcu.1GRN.4g070780,DNA helicase,4.725252714
Lcu.1GRN.Chr5,504147686,504150453,Lcu.1GRN.5g068940,Lcu.1GRN.5g068940,DNA ligase 1-like isoform X1,5.186952497
Lcu.1GRN.Chr4,169760894,169770096,Lcu.1GRN.4g021680,Lcu.1GRN.4g021680,DNA repair protein RAD16,5.273532701
Lcu.1GRN.Chr4,492001065,492003026,Lcu.1GRN.4g071910,Lcu.1GRN.4g071910,DnaJ homolog subfamily C member 2-like,5.093501469
Lcu.1GRN.Chr6,398284560,398285502,Lcu.1GRN.6g052610,Lcu.1GRN.6g052610,Dual specificity phosphatase Cdc25,10.79363024
Lcu.1GRN.Chr6,339285369,339287868,Lcu.1GRN.6g042020,Lcu.1GRN.6g042020,DUF223 domain protein,5.431568852
Lcu.1GRN.Chr4,170561123,170568401,Lcu.1GRN.4g021860,Lcu.1GRN.4g021860,DUF223 domain-containing protein,4.670510768
Lcu.1GRN.Chr3,348878389,348878862,Lcu.1GRN.3g048100,Lcu.1GRN.3g048100,DUF4283 domain-containing protein,4.829833714
Lcu.1GRN.Chr6,373760802,373761806,Lcu.1GRN.6g047580,Lcu.1GRN.6g047580,DUF868 domain-containing protein,17.8593868
Lcu.1GRN.Chr4,289618118,289622179,Lcu.1GRN.4g034270,Lcu.1GRN.4g034270,DUF936 family protein,5.818362362
Lcu.1GRN.Chr4,168132687,168133892,Lcu.1GRN.4g021560,Lcu.1GRN.4g021560,DWNN domain;  A CCHC-type zinc finger protein,5.03209394
Lcu.1GRN.Chr4,491797294,491797674,Lcu.1GRN.4g071850,Lcu.1GRN.4g071850,Dynein light chain,4.423422974
Lcu.1GRN.Chr4,486680293,486681188,Lcu.1GRN.4g070750,Lcu.1GRN.4g070750,E2 ubiquitin-conjugating enzyme,4.71772529
Lcu.1GRN.Chr2,136888571,136891476,Lcu.1GRN.2g026330,Lcu.1GRN.2g026330,E3 ubiquitin-protein,5.734167805
Lcu.1GRN.Chr7,649009132,649015143,Lcu.1GRN.7g078100,Lcu.1GRN.7g078100,E3 ubiquitin-protein ligase UPL5-like protein,4.86543641
Lcu.1GRN.Chr2,416094537,416095916,Lcu.1GRN.2g056460,Lcu.1GRN.2g056460,ectonucleotide pyrophosphatase/phosphodiesterase family member 3,8.251726747
Lcu.1GRN.Chr4,325309535,325312499,Lcu.1GRN.4g039570,Lcu.1GRN.4g039570,Endoglucanase,7.474590961
Lcu.1GRN.Chr4,178937202,178937435,Lcu.1GRN.4g022930,Lcu.1GRN.4g022930,Endoglucanase,5.470348832
Lcu.1GRN.Chr4,169806069,169809095,Lcu.1GRN.4g021690,Lcu.1GRN.4g021690,Endoplasmic reticulum transmembrane protein,5.273532701
Lcu.1GRN.Chr4,325306085,325309128,Lcu.1GRN.4g039560,Lcu.1GRN.4g039560,enoyl-[acyl-carrier-protein] reductase [NADH];  chloroplastic-like,7.474590961
Lcu.1GRN.Chr2,319579925,319580905,Lcu.1GRN.2g042970,Lcu.1GRN.2g042970,Ethylene-responsive transcription factor ERN2,7.360573388
Lcu.1GRN.Chr5,466551796,466553427,Lcu.1GRN.5g058200,Lcu.1GRN.5g058200,Eukaryotic aspartyl protease family protein,4.471860932
Lcu.1GRN.Chr2,327302709,327304521,Lcu.1GRN.2g043600,Lcu.1GRN.2g043600,Exostosin domain-containing protein,5.720296733
Lcu.1GRN.Chr4,178910929,178912545,Lcu.1GRN.4g022920,Lcu.1GRN.4g022920,FAF domain-containing protein,5.470348832
Lcu.1GRN.Chr3,348873432,348874868,Lcu.1GRN.3g048060,Lcu.1GRN.3g048060,F-box domain-containing protein,4.829833714
Lcu.1GRN.Chr2,1633182,1635717,Lcu.1GRN.2g000950,Lcu.1GRN.2g000950,F-box protein At1g10780,5.170506252
Lcu.1GRN.Chr7,5161688,5162866,Lcu.1GRN.7g002940,Lcu.1GRN.7g002940,F-box protein interaction domain protein,5.268306119
Lcu.1GRN.Chr6,358706686,358709007,Lcu.1GRN.6g045340,Lcu.1GRN.6g045340,F-box protein;  putative,7.87315749
Lcu.1GRN.Chr7,5152263,5153453,Lcu.1GRN.7g002930,Lcu.1GRN.7g002930,F-box/kelch-repeat protein At3g23880,5.268306119
Lcu.1GRN.Chr2,1005515,1005961,Lcu.1GRN.2g000580,Lcu.1GRN.2g000580,Ferredoxin,5.227603011
Lcu.1GRN.Chr4,289661277,289668446,Lcu.1GRN.4g034330,Lcu.1GRN.4g034330,flowering time control protein FPA,5.818362362
Lcu.1GRN.Chr6,398313259,398347749,Lcu.1GRN.6g052640,Lcu.1GRN.6g052640,Fmp27_GFWDK domain-containing protein,10.79363024
Lcu.1GRN.Chr4,288629577,288629942,Lcu.1GRN.4g034040,Lcu.1GRN.4g034040,Formin-like protein,5.129111842
Lcu.1GRN.Chr4,288890268,288892210,Lcu.1GRN.4g034180,Lcu.1GRN.4g034180,fructokinase-2,6.99761183
Lcu.1GRN.Chr2,54544882,54547343,Lcu.1GRN.2g015770,Lcu.1GRN.2g015770,Gag-pol polyprotein,16.79641215
Lcu.1GRN.Chr6,348633182,348633829,Lcu.1GRN.6g043820,Lcu.1GRN.6g043820,Gag-pol polyprotein,5.590222861
Lcu.1GRN.Chr4,461411169,461412701,Lcu.1GRN.4g065410,Lcu.1GRN.4g065410,GDSL esterase/lipase,7.704671296
Lcu.1GRN.Chr4,324709993,324727248,Lcu.1GRN.4g039390,Lcu.1GRN.4g039390,general transcription factor 3C polypeptide 3,4.841526618
Lcu.1GRN.Chr4,407746724,407748511,Lcu.1GRN.4g054680,Lcu.1GRN.4g054680,Glutamyl-tRNA reductase,5.502540329
Lcu.1GRN.Chr7,4488545,4492594,Lcu.1GRN.7g002420,Lcu.1GRN.7g002420,Glyco_trans_2-like domain-containing protein,5.389069044
Lcu.1GRN.Chr2,1610315,1612073,Lcu.1GRN.2g000930,Lcu.1GRN.2g000930,GOLD domain-containing protein,5.170506252
Lcu.1GRN.Chr4,38874257,38874649,Lcu.1GRN.4g007450,Lcu.1GRN.4g007450,GRF zinc finger protein,5.695031775
Lcu.1GRN.Chr7,631303897,631304289,Lcu.1GRN.7g069750,Lcu.1GRN.7g069750,GTP-binding protein,8.101208436
Lcu.1GRN.Chr2,54573880,54575690,Lcu.1GRN.2g015780,Lcu.1GRN.2g015780,GTP-binding protein SAR1A,16.79641215
Lcu.1GRN.Chr2,131205752,131207266,Lcu.1GRN.2g025370,Lcu.1GRN.2g025370,HAD-like domain-containing protein,5.596650612
Lcu.1GRN.Chr6,348623927,348626493,Lcu.1GRN.6g043810,Lcu.1GRN.6g043810,haloacid dehalogenase-like hydrolase domain-containing protein 3,5.590222861
Lcu.1GRN.Chr7,648975579,648976899,Lcu.1GRN.7g078050,Lcu.1GRN.7g078050,HIG1 domain-containing protein,4.86543641
Lcu.1GRN.Chr2,416063370,416066417,Lcu.1GRN.2g056400,Lcu.1GRN.2g056400,High-affinity K+ transporter,5.041964271
Lcu.1GRN.Chr4,106714294,106714961,Lcu.1GRN.4g015040,Lcu.1GRN.4g015040,Histone H3,8.345874709
Lcu.1GRN.Chr7,631280730,631281575,Lcu.1GRN.7g069720,Lcu.1GRN.7g069720,HMA domain-containing protein,8.101208436
Lcu.1GRN.Chr4,290134256,290137887,Lcu.1GRN.4g034390,Lcu.1GRN.4g034390,Hydroxyacylglutathione hydrolase,12.87481866
Lcu.1GRN.Chr6,341332071,341336634,Lcu.1GRN.6g042600,Lcu.1GRN.6g042600,Hydroxyproline-rich glycoprotein family protein,4.641552681
Lcu.1GRN.Chr4,106211705,106215325,Lcu.1GRN.4g014980,Lcu.1GRN.4g014980,hypothetical protein,9.000268504
Lcu.1GRN.Chr4,151762865,151763269,Lcu.1GRN.4g019530,Lcu.1GRN.4g019530,hypothetical protein,7.349908547
Lcu.1GRN.Chr4,180299279,180299857,Lcu.1GRN.4g023130,Lcu.1GRN.4g023130,hypothetical protein,6.270223003
Lcu.1GRN.Chr2,320065278,320066582,Lcu.1GRN.2g043000,Lcu.1GRN.2g043000,hypothetical protein,6.135311198
Lcu.1GRN.Chr2,317833158,317833565,Lcu.1GRN.2g042810,Lcu.1GRN.2g042810,hypothetical protein,5.976211555
Lcu.1GRN.Chr2,317857797,317858265,Lcu.1GRN.2g042830,Lcu.1GRN.2g042830,hypothetical protein,5.976211555
Lcu.1GRN.Chr4,178902174,178903412,Lcu.1GRN.4g022910,Lcu.1GRN.4g022910,hypothetical protein,5.470348832
Lcu.1GRN.Chr6,339289968,339290832,Lcu.1GRN.6g042040,Lcu.1GRN.6g042040,hypothetical protein,5.431568852
Lcu.1GRN.Chr5,504157210,504157512,Lcu.1GRN.5g068960,Lcu.1GRN.5g068960,hypothetical protein,5.186952497
Lcu.1GRN.Chr4,491991656,491991985,Lcu.1GRN.4g071900,Lcu.1GRN.4g071900,hypothetical protein,5.093501469
Lcu.1GRN.Chr4,38898964,38899164,Lcu.1GRN.4g007470,Lcu.1GRN.4g007470,hypothetical protein,4.930694445
Lcu.1GRN.Chr7,648985073,648985420,Lcu.1GRN.7g078070,Lcu.1GRN.7g078070,hypothetical protein,4.86543641
Lcu.1GRN.Chr7,649007455,649008139,Lcu.1GRN.7g078090,Lcu.1GRN.7g078090,hypothetical protein,4.86543641
Lcu.1GRN.Chr3,348878986,348879324,Lcu.1GRN.3g048110,Lcu.1GRN.3g048110,hypothetical protein,4.829833714
Lcu.1GRN.Chr4,486499081,486499746,Lcu.1GRN.4g070610,Lcu.1GRN.4g070610,hypothetical protein,4.38756925
Lcu.1GRN.Chr4,486508705,486509697,Lcu.1GRN.4g070640,Lcu.1GRN.4g070640,hypothetical protein,4.38756925
Lcu.1GRN.Chr4,328770482,328770772,Lcu.1GRN.4g040280,Lcu.1GRN.4g040280,hypothetical protein,4.336395306
Lcu.1GRN.Chr6,343367797,343368170,Lcu.1GRN.6g043010,Lcu.1GRN.6g043010,hypothetical protein,4.329238055
Lcu.1GRN.Chr2,54487717,54489262,Lcu.1GRN.2g015730,Lcu.1GRN.2g015730,IAA-amino acid hydrolase ILR1-like protein,12.00765832
Lcu.1GRN.Chr1,5065608,5066266,Lcu.1GRN.1g002430,Lcu.1GRN.1g002430,Importin subunit alpha,6.815088907
Lcu.1GRN.Chr4,491762452,491764011,Lcu.1GRN.4g071810,Lcu.1GRN.4g071810,increased DNA methylation 1,4.423422974
Lcu.1GRN.Chr4,290606744,290608234,Lcu.1GRN.4g034480,Lcu.1GRN.4g034480,Inositol 1; 3; 4-trisphosphate 5/6-kinase,7.190895399
Lcu.1GRN.Chr4,288630813,288631946,Lcu.1GRN.4g034050,Lcu.1GRN.4g034050,Integrase catalytic domain-containing protein,5.129111842
Lcu.1GRN.Chr2,136936024,136940567,Lcu.1GRN.2g026360,Lcu.1GRN.2g026360,Intron-binding protein aquarius,5.734167805
Lcu.1GRN.Chr4,38850005,38853326,Lcu.1GRN.4g007430,Lcu.1GRN.4g007430,Kinase family protein,5.695031775
Lcu.1GRN.Chr6,274642936,274655566,Lcu.1GRN.6g031800,Lcu.1GRN.6g031800,Kinesin-like protein,7.087866254
Lcu.1GRN.Chr4,151758706,151762790,Lcu.1GRN.4g019520,Lcu.1GRN.4g019520,Kri1_C domain-containing protein,7.349908547
Lcu.1GRN.Chr3,233666363,233666857,Lcu.1GRN.3g028050,Lcu.1GRN.3g028050,Lachrymatory-factor synthase,7.113279116
Lcu.1GRN.Chr2,322065161,322065603,Lcu.1GRN.2g043150,Lcu.1GRN.2g043150,Lactoylglutathione lyase,6.846100213
Lcu.1GRN.Chr4,328758637,328763271,Lcu.1GRN.4g040260,Lcu.1GRN.4g040260,LEA_2 domain-containing protein,4.336395306
Lcu.1GRN.Chr4,33111613,33112698,Lcu.1GRN.4g006830,Lcu.1GRN.4g006830,Lectin_legB domain-containing protein,12.49747911
Lcu.1GRN.Chr6,348635337,348636966,Lcu.1GRN.6g043830,Lcu.1GRN.6g043830,Lipid-transfer protein,5.590222861
Lcu.1GRN.Chr2,415406706,415408858,Lcu.1GRN.2g056270,Lcu.1GRN.2g056270,LRR receptor-like kinase,9.526092484
Lcu.1GRN.Chr3,251763490,251763896,Lcu.1GRN.3g030380,Lcu.1GRN.3g030380,LRRNT_2 domain-containing protein,4.721938095
Lcu.1GRN.Chr4,130508347,130510521,Lcu.1GRN.4g017770,Lcu.1GRN.4g017770,lysine histidine transporter-like 8,5.192953463
Lcu.1GRN.Chr2,320067022,320070170,Lcu.1GRN.2g043010,Lcu.1GRN.2g043010,Lysosomal beta glucosidase,6.135311198
Lcu.1GRN.Chr6,411098361,411102399,Lcu.1GRN.6g055420,Lcu.1GRN.6g055420,Lysosomal pro-X carboxypeptidase-like protein,7.225077419
Lcu.1GRN.Chr6,411106774,411112303,Lcu.1GRN.6g055430,Lcu.1GRN.6g055430,Lysosomal pro-X carboxypeptidase-like protein,7.225077419
Lcu.1GRN.Chr4,461413146,461416504,Lcu.1GRN.4g065420,Lcu.1GRN.4g065420,MADS-box transcription factor,7.704671296
Lcu.1GRN.Chr3,348852360,348866104,Lcu.1GRN.3g048050,Lcu.1GRN.3g048050,MAG2-interacting protein 2,4.829833714
Lcu.1GRN.Chr7,631307844,631308408,Lcu.1GRN.7g069770,Lcu.1GRN.7g069770,Major allergen Pru av 1,8.101208436
Lcu.1GRN.Chr2,1598691,1599134,Lcu.1GRN.2g000920,Lcu.1GRN.2g000920,Maternal effect embryo arrest,5.163401901
Lcu.1GRN.Chr3,251753416,251757812,Lcu.1GRN.3g030370,Lcu.1GRN.3g030370,Mediator of RNA polymerase II transcription subunit 1,4.721938095
Lcu.1GRN.Chr6,339304572,339305712,Lcu.1GRN.6g042050,Lcu.1GRN.6g042050,Metacaspase-9,5.431568852
Lcu.1GRN.Chr1,5033484,5036164,Lcu.1GRN.1g002390,Lcu.1GRN.1g002390,metal-nicotianamine transporter YSL3,6.815088907
Lcu.1GRN.Chr1,5026319,5028869,Lcu.1GRN.1g002380,Lcu.1GRN.1g002380,metal-nicotianamine transporter YSL3,4.470418961
Lcu.1GRN.Chr2,416197018,416199143,Lcu.1GRN.2g056490,Lcu.1GRN.2g056490,Methyltransf_11 domain-containing protein,11.99204626
Lcu.1GRN.Chr5,403726439,403726822,Lcu.1GRN.5g047490,Lcu.1GRN.5g047490,Methyltransferase-like protein,5.717330295
Lcu.1GRN.Chr2,1000330,1003647,Lcu.1GRN.2g000570,Lcu.1GRN.2g000570,MLO-like protein,5.227603011
Lcu.1GRN.Chr3,348880469,348884252,Lcu.1GRN.3g048120,Lcu.1GRN.3g048120,Molybdate-anion transporter-like,4.829833714
Lcu.1GRN.Chr3,451049351,451054699,Lcu.1GRN.3g069220,Lcu.1GRN.3g069220,monosaccharide-sensing protein 2,5.520132784
Lcu.1GRN.Chr2,319568478,319571756,Lcu.1GRN.2g042940,Lcu.1GRN.2g042940,mRNA cap-binding protein,7.360573388
Lcu.1GRN.Chr6,339427814,339432421,Lcu.1GRN.6g042080,Lcu.1GRN.6g042080,MYB family transcription factor,7.674944164
Lcu.1GRN.Chr5,466534154,466534603,Lcu.1GRN.5g058180,Lcu.1GRN.5g058180,MYB transcription factor,4.471860932
Lcu.1GRN.Chr4,166655302,166664704,Lcu.1GRN.4g021330,Lcu.1GRN.4g021330,NEDD8-activating enzyme E1 regulatory subunit,5.774857044
Lcu.1GRN.Chr2,416073042,416075527,Lcu.1GRN.2g056430,Lcu.1GRN.2g056430,Non-reducing end alpha-L-arabinofuranosidase,5.041964271
Lcu.1GRN.Chr4,288592967,288635359,Lcu.1GRN.4g034010,Lcu.1GRN.4g034010,Non-specific serine/threonine protein kinase,5.129111842
Lcu.1GRN.Chr4,325276742,325280631,Lcu.1GRN.4g039550,Lcu.1GRN.4g039550,Nucleolin 1-like,7.474590961
Lcu.1GRN.Chr4,327106491,327128504,Lcu.1GRN.4g039920,Lcu.1GRN.4g039920,Nucleoporin NUP188 homolog,9.703764215
Lcu.1GRN.Chr4,327142154,327143715,Lcu.1GRN.4g039930,Lcu.1GRN.4g039930,Nucleoporin NUP188 homolog,9.703764215
Lcu.1GRN.Chr4,491765324,491767576,Lcu.1GRN.4g071820,Lcu.1GRN.4g071820,Nucleoside diphosphate kinase,4.423422974
Lcu.1GRN.Chr4,491776869,491780050,Lcu.1GRN.4g071830,Lcu.1GRN.4g071830,Nucleoside diphosphate kinase,4.423422974
Lcu.1GRN.Chr4,407778087,407779451,Lcu.1GRN.4g054710,Lcu.1GRN.4g054710,Octicosapeptide/phox/Bem1p (PB1) domain protein,5.518260389
Lcu.1GRN.Chr2,136910173,136912881,Lcu.1GRN.2g026350,Lcu.1GRN.2g026350,Octicosapeptide/phox/Bem1p family protein,5.734167805
Lcu.1GRN.Chr4,356220832,356223616,Lcu.1GRN.4g045630,Lcu.1GRN.4g045630,O-fucosyltransferase family protein,4.55110648
Lcu.1GRN.Chr4,147003763,147007505,Lcu.1GRN.4g019060,Lcu.1GRN.4g019060,O-methyltransferase,5.535615937
Lcu.1GRN.Chr4,152168856,152169263,Lcu.1GRN.4g019610,Lcu.1GRN.4g019610,Oral cancer-overexpressed protein 1-like isoform C,6.898537013
Lcu.1GRN.Chr4,168111671,168111958,Lcu.1GRN.4g021480,Lcu.1GRN.4g021480,Ovule protein,5.03209394
Lcu.1GRN.Chr3,253333435,253339042,Lcu.1GRN.3g030590,Lcu.1GRN.3g030590,Oxysterol-binding protein,10.54255704
Lcu.1GRN.Chr7,631261281,631264311,Lcu.1GRN.7g069700,Lcu.1GRN.7g069700,Pectate_lyase_3 domain-containing protein,8.101208436
Lcu.1GRN.Chr6,358704738,358706498,Lcu.1GRN.6g045330,Lcu.1GRN.6g045330,Pentatricopeptide repeat-containing protein,7.87315749
Lcu.1GRN.Chr6,411142888,411144549,Lcu.1GRN.6g055450,Lcu.1GRN.6g055450,Pentatricopeptide repeat-containing protein,7.225077419
Lcu.1GRN.Chr4,491988707,491991586,Lcu.1GRN.4g071890,Lcu.1GRN.4g071890,Pentatricopeptide repeat-containing protein,5.093501469
Lcu.1GRN.Chr4,37915601,37927671,Lcu.1GRN.4g007320,Lcu.1GRN.4g007320,Peptidylprolyl isomerase,6.929983111
Lcu.1GRN.Chr4,107891256,107892200,Lcu.1GRN.4g015180,Lcu.1GRN.4g015180,Peptidylprolyl isomerase,5.323020956
Lcu.1GRN.Chr4,113985513,113989181,Lcu.1GRN.4g015980,Lcu.1GRN.4g015980,Peptidylprolyl isomerase,4.584194489
Lcu.1GRN.Chr4,178937532,178937945,Lcu.1GRN.4g022940,Lcu.1GRN.4g022940,PHD_Oberon domain-containing protein,5.470348832
Lcu.1GRN.Chr4,178947687,178948381,Lcu.1GRN.4g022950,Lcu.1GRN.4g022950,PHD_Oberon domain-containing protein,5.470348832
Lcu.1GRN.Chr2,54513611,54515839,Lcu.1GRN.2g015760,Lcu.1GRN.2g015760,Phosducin-like protein,12.00765832
Lcu.1GRN.Chr4,38842468,38845398,Lcu.1GRN.4g007420,Lcu.1GRN.4g007420,phosphatidylinositol:ceramide inositolphosphotransferase 1-like,5.695031775
Lcu.1GRN.Chr4,29270188,29271622,Lcu.1GRN.4g006260,Lcu.1GRN.4g006260,Phosphoglycerate mutase (2; 3-diphosphoglycerate-dependent),5.799072894
Lcu.1GRN.Chr4,407773339,407776796,Lcu.1GRN.4g054700,Lcu.1GRN.4g054700,Phosphoglycerate mutase-like protein 1,5.518260389
Lcu.1GRN.Chr3,335809809,335816012,Lcu.1GRN.3g046000,Lcu.1GRN.3g046000,Phosphoinositide phosphatase,5.310492505
Lcu.1GRN.Chr2,416086390,416087447,Lcu.1GRN.2g056440,Lcu.1GRN.2g056440,Phospholipase A2-alpha,5.041964271
Lcu.1GRN.Chr6,278575534,278576290,Lcu.1GRN.6g032130,Lcu.1GRN.6g032130,Phosphopantothenoylcysteine decarboxylase,9.587337969
Lcu.1GRN.Chr4,325724562,325728456,Lcu.1GRN.4g039650,Lcu.1GRN.4g039650,Photosystem II stability/assembly factor,6.614340825
Lcu.1GRN.Chr6,339289055,339289357,Lcu.1GRN.6g042030,Lcu.1GRN.6g042030,Phytocyanin domain-containing protein,5.431568852
Lcu.1GRN.Chr6,411133527,411137452,Lcu.1GRN.6g055440,Lcu.1GRN.6g055440,Plant/F24K9-26 protein,7.225077419
Lcu.1GRN.Chr2,416248039,416249684,Lcu.1GRN.2g056520,Lcu.1GRN.2g056520,PMD domain-containing protein,9.315936569
Lcu.1GRN.Chr6,342205361,342206372,Lcu.1GRN.6g042760,Lcu.1GRN.6g042760,PMD domain-containing protein,8.207236982
Lcu.1GRN.Chr4,328830318,328833616,Lcu.1GRN.4g040290,Lcu.1GRN.4g040290,PMD domain-containing protein,5.08856585
Lcu.1GRN.Chr4,113991889,113993337,Lcu.1GRN.4g016000,Lcu.1GRN.4g016000,Polyamine oxidase,4.584194489
Lcu.1GRN.Chr4,495934850,495945011,Lcu.1GRN.4g072860,Lcu.1GRN.4g072860,Potassium efflux antiporter,5.603643496
Lcu.1GRN.Chr6,278148580,278153817,Lcu.1GRN.6g032110,Lcu.1GRN.6g032110,Protein ACTIVITY OF BC1 COMPLEX KINASE 8;  chloroplastic,8.076283245
Lcu.1GRN.Chr6,398275337,398279101,Lcu.1GRN.6g052590,Lcu.1GRN.6g052590,protein ACTIVITY OF BC1 COMPLEX KINASE 8;  chloroplastic-like,10.7929049
Lcu.1GRN.Chr7,4471375,4485170,Lcu.1GRN.7g002410,Lcu.1GRN.7g002410,protein ANTI-SILENCING 1 isoform X1,5.389069044
Lcu.1GRN.Chr2,415402328,415404942,Lcu.1GRN.2g056260,Lcu.1GRN.2g056260,protein APEM9,9.526092484
Lcu.1GRN.Chr4,499247018,499255157,Lcu.1GRN.4g073930,Lcu.1GRN.4g073930,Protein CONTINUOUS VASCULAR RING 1-like,8.456917423
Lcu.1GRN.Chr2,327849577,327855526,Lcu.1GRN.2g043670,Lcu.1GRN.2g043670,Protein DETOXIFICATION,7.315397139
Lcu.1GRN.Chr2,139992962,139994602,Lcu.1GRN.2g026610,Lcu.1GRN.2g026610,Protein DETOXIFICATION,6.054234084
Lcu.1GRN.Chr4,115422015,115424748,Lcu.1GRN.4g016270,Lcu.1GRN.4g016270,Protein DJ-1 C-like,6.023687541
Lcu.1GRN.Chr3,233664027,233665832,Lcu.1GRN.3g028040,Lcu.1GRN.3g028040,Protein DJ-1 homolog D,7.113279116
Lcu.1GRN.Chr6,373734657,373736666,Lcu.1GRN.6g047550,Lcu.1GRN.6g047550,Protein FAR1-RELATED SEQUENCE,17.8593868
Lcu.1GRN.Chr4,288881275,288882354,Lcu.1GRN.4g034160,Lcu.1GRN.4g034160,Protein FAR1-RELATED SEQUENCE 6,6.99761183
Lcu.1GRN.Chr2,400165679,400171074,Lcu.1GRN.2g054030,Lcu.1GRN.2g054030,Protein farnesyltransferase subunit beta,4.302980709
Lcu.1GRN.Chr2,318847849,318848212,Lcu.1GRN.2g042870,Lcu.1GRN.2g042870,Protein kinase domain-containing protein,6.468313827
Lcu.1GRN.Chr6,373732596,373734389,Lcu.1GRN.6g047540,Lcu.1GRN.6g047540,protein MAIN-LIKE 1-like,17.8593868
Lcu.1GRN.Chr4,499158956,499161492,Lcu.1GRN.4g073870,Lcu.1GRN.4g073870,protein NRT1/ PTR FAMILY 1.2-like,12.07027802
Lcu.1GRN.Chr6,342384891,342393242,Lcu.1GRN.6g042810,Lcu.1GRN.6g042810,protein NRT1/ PTR FAMILY 3.1-like,6.985144267
Lcu.1GRN.Chr6,342395135,342398137,Lcu.1GRN.6g042820,Lcu.1GRN.6g042820,protein NRT1/ PTR FAMILY 3.1-like,6.985144267
Lcu.1GRN.Chr2,644224173,644226101,Lcu.1GRN.2g088800,Lcu.1GRN.2g088800,protein NUCLEAR FUSION DEFECTIVE 4,4.809009245
Lcu.1GRN.Chr4,499229812,499231818,Lcu.1GRN.4g073910,Lcu.1GRN.4g073910,Protein NUCLEAR FUSION DEFECTIVE 6;  chloroplastic/mitochondrial-like,8.712484918
Lcu.1GRN.Chr6,274657270,274657927,Lcu.1GRN.6g031820,Lcu.1GRN.6g031820,protein ORANGE;  chloroplastic,7.087866254
Lcu.1GRN.Chr2,416088130,416091741,Lcu.1GRN.2g056450,Lcu.1GRN.2g056450,Protein OSB3;  chloroplastic/mitochondrial,8.251726747
Lcu.1GRN.Chr1,5036760,5040076,Lcu.1GRN.1g002400,Lcu.1GRN.1g002400,protein PEP-RELATED DEVELOPMENT ARRESTED 1;  chloroplastic,6.815088907
Lcu.1GRN.Chr4,166672851,166678955,Lcu.1GRN.4g021340,Lcu.1GRN.4g021340,protein RRP6-like 3 isoform X2,5.774857044
Lcu.1GRN.Chr2,416068314,416069913,Lcu.1GRN.2g056410,Lcu.1GRN.2g056410,Protein SCAI,5.041964271
Lcu.1GRN.Chr3,451018182,451019328,Lcu.1GRN.3g069200,Lcu.1GRN.3g069200,Protein Shroom1,5.520132784
Lcu.1GRN.Chr4,118221640,118223214,Lcu.1GRN.4g016700,Lcu.1GRN.4g016700,protein SIEVE ELEMENT OCCLUSION B-like,4.585508617
Lcu.1GRN.Chr4,499198597,499204117,Lcu.1GRN.4g073890,Lcu.1GRN.4g073890,protein tesmin/TSO1-like CXC 5,12.07027802
Lcu.1GRN.Chr7,5137316,5146687,Lcu.1GRN.7g002920,Lcu.1GRN.7g002920,Protein transport protein SEC23,5.268306119
Lcu.1GRN.Chr4,407749465,407751843,Lcu.1GRN.4g054690,Lcu.1GRN.4g054690,Protein trichome birefringence-like,5.518260389
Lcu.1GRN.Chr4,168120603,168121384,Lcu.1GRN.4g021520,Lcu.1GRN.4g021520,protein trichome birefringence-like 10,5.03209394
Lcu.1GRN.Chr4,114009631,114010290,Lcu.1GRN.4g016020,Lcu.1GRN.4g016020,Protein trichome birefringence-like 33,4.584194489
Lcu.1GRN.Chr4,151766872,151770736,Lcu.1GRN.4g019540,Lcu.1GRN.4g019540,protein ULTRAPETALA 1,7.349908547
Lcu.1GRN.Chr6,398274292,398274983,Lcu.1GRN.6g052580,Lcu.1GRN.6g052580,Protein-serine/threonine phosphatase,10.7929049
Lcu.1GRN.Chr2,415371364,415372991,Lcu.1GRN.2g056230,Lcu.1GRN.2g056230,Pyruvate kinase,9.526092484
Lcu.1GRN.Chr2,415382117,415382834,Lcu.1GRN.2g056240,Lcu.1GRN.2g056240,Pyruvate kinase,9.526092484
Lcu.1GRN.Chr7,5178428,5182497,Lcu.1GRN.7g002960,Lcu.1GRN.7g002960,Redox-regulatory protein FAM213A,5.268306119
Lcu.1GRN.Chr4,290126920,290132994,Lcu.1GRN.4g034380,Lcu.1GRN.4g034380,Reticulon-like protein,12.87481866
Lcu.1GRN.Chr4,288631998,288632351,Lcu.1GRN.4g034060,Lcu.1GRN.4g034060,Retrotran_gag_3 domain-containing protein,5.129111842
Lcu.1GRN.Chr4,288628988,288629335,Lcu.1GRN.4g034030,Lcu.1GRN.4g034030,Retrovirus-related Pol polyprotein from transposon RE1,5.129111842
Lcu.1GRN.Chr3,335791122,335791707,Lcu.1GRN.3g045990,Lcu.1GRN.3g045990,Retrovirus-related Pol polyprotein from transposon TNT 1-94,5.310492505
Lcu.1GRN.Chr3,348875587,348875892,Lcu.1GRN.3g048070,Lcu.1GRN.3g048070,Reverse transcriptase domain-containing protein,4.829833714
Lcu.1GRN.Chr3,348876998,348878044,Lcu.1GRN.3g048090,Lcu.1GRN.3g048090,Reverse transcriptase domain-containing protein,4.829833714
Lcu.1GRN.Chr3,249968484,249970840,Lcu.1GRN.3g030120,Lcu.1GRN.3g030120,RHOMBOID-like protein,4.424397466
Lcu.1GRN.Chr2,416217176,416220604,Lcu.1GRN.2g056510,Lcu.1GRN.2g056510,Ribonuclease H,8.374677476
Lcu.1GRN.Chr4,499234111,499237483,Lcu.1GRN.4g073920,Lcu.1GRN.4g073920,Ribonuclease P,8.712484918
Lcu.1GRN.Chr4,499204950,499207084,Lcu.1GRN.4g073900,Lcu.1GRN.4g073900,Ribosomal protein L7Ae/L30e/S12e/Gadd45 family protein,12.07027802
Lcu.1GRN.Chr7,648983271,648984887,Lcu.1GRN.7g078060,Lcu.1GRN.7g078060,Ribosomal RNA processing protein 1,4.86543641
Lcu.1GRN.Chr5,466535751,466543575,Lcu.1GRN.5g058190,Lcu.1GRN.5g058190,Ribosomal RNA small subunit methyltransferase B,4.471860932
Lcu.1GRN.Chr4,356218067,356220330,Lcu.1GRN.4g045620,Lcu.1GRN.4g045620,Ribulose-1; 5 bisphosphate carboxylase/oxygenase large subunit N-methyltransferase;  chloroplastic,4.55110648
Lcu.1GRN.Chr6,274656399,274657152,Lcu.1GRN.6g031810,Lcu.1GRN.6g031810,RING-CH-type domain-containing protein,7.087866254
Lcu.1GRN.Chr6,274666693,274667502,Lcu.1GRN.6g031840,Lcu.1GRN.6g031840,RING-CH-type domain-containing protein,7.087866254
Lcu.1GRN.Chr6,274667620,274668664,Lcu.1GRN.6g031850,Lcu.1GRN.6g031850,RING-CH-type domain-containing protein,7.087866254
Lcu.1GRN.Chr4,486705629,486708419,Lcu.1GRN.4g070770,Lcu.1GRN.4g070770,RING-type domain-containing protein,4.725252714
Lcu.1GRN.Chr5,466559299,466559553,Lcu.1GRN.5g058220,Lcu.1GRN.5g058220,RING-type domain-containing protein,4.471860932
Lcu.1GRN.Chr6,339308003,339311388,Lcu.1GRN.6g042060,Lcu.1GRN.6g042060,RmlC-like cupin domain-containing protein,5.431568852
Lcu.1GRN.Chr6,373738734,373747347,Lcu.1GRN.6g047560,Lcu.1GRN.6g047560,RNA helicase,17.8593868
Lcu.1GRN.Chr4,488648982,488650519,Lcu.1GRN.4g071090,Lcu.1GRN.4g071090,RNA-directed DNA polymerase,13.03493437
Lcu.1GRN.Chr4,488639989,488644359,Lcu.1GRN.4g071070,Lcu.1GRN.4g071070,RNA-directed DNA polymerase,10.92459349
Lcu.1GRN.Chr4,488646597,488648930,Lcu.1GRN.4g071080,Lcu.1GRN.4g071080,RNA-directed DNA polymerase,10.92459349
Lcu.1GRN.Chr6,274660066,274662843,Lcu.1GRN.6g031830,Lcu.1GRN.6g031830,RNA-directed DNA polymerase,7.087866254
Lcu.1GRN.Chr4,135608559,135610807,Lcu.1GRN.4g018160,Lcu.1GRN.4g018160,RNA-directed DNA polymerase,6.147736148
Lcu.1GRN.Chr4,115414776,115421464,Lcu.1GRN.4g016260,Lcu.1GRN.4g016260,RNA-directed DNA polymerase,6.023687541
Lcu.1GRN.Chr4,495954986,495955409,Lcu.1GRN.4g072870,Lcu.1GRN.4g072870,RNA-directed DNA polymerase,5.603643496
Lcu.1GRN.Chr3,317474976,317475445,Lcu.1GRN.3g042290,Lcu.1GRN.3g042290,RNA-directed DNA polymerase,5.443094284
Lcu.1GRN.Chr2,1589291,1592401,Lcu.1GRN.2g000910,Lcu.1GRN.2g000910,RNA-directed DNA polymerase,5.163401901
Lcu.1GRN.Chr3,348875923,348876569,Lcu.1GRN.3g048080,Lcu.1GRN.3g048080,RNA-directed DNA polymerase (Reverse transcriptase),4.829833714
Lcu.1GRN.Chr4,486657164,486657898,Lcu.1GRN.4g070720,Lcu.1GRN.4g070720,RNase H type-1 domain-containing protein,5.022381317
Lcu.1GRN.Chr4,180273537,180279773,Lcu.1GRN.4g023120,Lcu.1GRN.4g023120,RRM domain-containing protein,6.270223003
Lcu.1GRN.Chr2,644222530,644223164,Lcu.1GRN.2g088790,Lcu.1GRN.2g088790,SAM domain-containing protein,4.809009245
Lcu.1GRN.Chr6,411150274,411151176,Lcu.1GRN.6g055460,Lcu.1GRN.6g055460,secoisolariciresinol dehydrogenase-like,4.454887592
Lcu.1GRN.Chr4,151593375,151606612,Lcu.1GRN.4g019510,Lcu.1GRN.4g019510,Secretory carrier-associated membrane protein,6.804441349
Lcu.1GRN.Chr6,278589015,278589865,Lcu.1GRN.6g032140,Lcu.1GRN.6g032140,Sentrin-specific protease 2,9.587337969
Lcu.1GRN.Chr4,168116542,168118464,Lcu.1GRN.4g021490,Lcu.1GRN.4g021490,Serine/Threonine kinase family protein,5.03209394
Lcu.1GRN.Chr2,1026090,1029416,Lcu.1GRN.2g000600,Lcu.1GRN.2g000600,Serine/threonine-protein kinase SRK2B,5.227603011
Lcu.1GRN.Chr4,288850474,288853209,Lcu.1GRN.4g034130,Lcu.1GRN.4g034130,serine/threonine-protein kinase-like protein ACR4,6.99761183
Lcu.1GRN.Chr4,488713223,488717193,Lcu.1GRN.4g071110,Lcu.1GRN.4g071110,Serine/threonine-protein phosphatase,13.03493437
Lcu.1GRN.Chr6,278155048,278156299,Lcu.1GRN.6g032120,Lcu.1GRN.6g032120,Serine/threonine-protein phosphatase 2A 55 kDa regulatory subunit B,4.840017383
Lcu.1GRN.Chr2,644243828,644244496,Lcu.1GRN.2g088810,Lcu.1GRN.2g088810,Serine-rich protein-related,4.809009245
Lcu.1GRN.Chr4,328769451,328769999,Lcu.1GRN.4g040270,Lcu.1GRN.4g040270,Shikimate O-hydroxycinnamoyltransferase,4.336395306
Lcu.1GRN.Chr3,317461118,317461399,Lcu.1GRN.3g042270,Lcu.1GRN.3g042270,Signal peptidase complex subunit 1,8.489681769
Lcu.1GRN.Chr6,398273065,398273622,Lcu.1GRN.6g052570,Lcu.1GRN.6g052570,signal recognition particle receptor subunit alpha,10.7929049
Lcu.1GRN.Chr4,168121457,168121846,Lcu.1GRN.4g021530,Lcu.1GRN.4g021530,Signal recognition particle receptor subunit alpha-like,5.03209394
Lcu.1GRN.Chr3,317463698,317466950,Lcu.1GRN.3g042280,Lcu.1GRN.3g042280,small ribosomal subunit biogenesis GTPase RsgA 1;  mitochondrial,8.489681769
Lcu.1GRN.Chr2,416070058,416072777,Lcu.1GRN.2g056420,Lcu.1GRN.2g056420,SPX domain-containing membrane protein,5.041964271
Lcu.1GRN.Chr6,343667518,343668911,Lcu.1GRN.6g043070,Lcu.1GRN.6g043070,Squamosa promoter-binding-like protein,8.78216075
Lcu.1GRN.Chr4,151118043,151127744,Lcu.1GRN.4g019470,Lcu.1GRN.4g019470,Strubbelig receptor family protein,6.861964557
Lcu.1GRN.Chr4,106505703,106521878,Lcu.1GRN.4g014990,Lcu.1GRN.4g014990,structural maintenance of chromosomes protein 6A-like,25.28579172
Lcu.1GRN.Chr4,106530783,106545255,Lcu.1GRN.4g015000,Lcu.1GRN.4g015000,structural maintenance of chromosomes protein 6A-like,25.28579172
Lcu.1GRN.Chr4,33114969,33115916,Lcu.1GRN.4g006840,Lcu.1GRN.4g006840,Sucrose synthase,12.49747911
Lcu.1GRN.Chr7,648971256,648973397,Lcu.1GRN.7g078040,Lcu.1GRN.7g078040,Sulfate adenylyltransferase subunit,4.86543641
Lcu.1GRN.Chr2,400209777,400212797,Lcu.1GRN.2g054050,Lcu.1GRN.2g054050,Sulfiredoxin,4.302980709
Lcu.1GRN.Chr2,319572995,319575028,Lcu.1GRN.2g042950,Lcu.1GRN.2g042950,Superoxide dismutase [Cu-Zn],7.360573388
Lcu.1GRN.Chr5,504096405,504100313,Lcu.1GRN.5g068910,Lcu.1GRN.5g068910,synaptotagmin-2-like,4.926846277
Lcu.1GRN.Chr6,278852678,278861207,Lcu.1GRN.6g032160,Lcu.1GRN.6g032160,synaptotagmin-4-like,6.734564627
Lcu.1GRN.Chr2,1029841,1034469,Lcu.1GRN.2g000610,Lcu.1GRN.2g000610,Thiamine phosphate synthase,5.227603011
Lcu.1GRN.Chr4,486653213,486654134,Lcu.1GRN.4g070710,Lcu.1GRN.4g070710,Thiamine thiazole synthase;  chloroplastic,5.022381317
Lcu.1GRN.Chr4,324649989,324654558,Lcu.1GRN.4g039350,Lcu.1GRN.4g039350,Thioredoxin domain-containing protein,4.684981926
Lcu.1GRN.Chr4,324655298,324656037,Lcu.1GRN.4g039360,Lcu.1GRN.4g039360,Thioredoxin domain-containing protein,4.684981926
Lcu.1GRN.Chr4,486514077,486517067,Lcu.1GRN.4g070660,Lcu.1GRN.4g070660,TIR domain-containing protein,4.38756925
Lcu.1GRN.Chr4,168130454,168132640,Lcu.1GRN.4g021550,Lcu.1GRN.4g021550,Tobamovirus multiplication protein 1,5.03209394
Lcu.1GRN.Chr7,631228695,631236045,Lcu.1GRN.7g069690,Lcu.1GRN.7g069690,Topless-related protein 3-like,6.265348486
Lcu.1GRN.Chr2,416353073,416354121,Lcu.1GRN.2g056530,Lcu.1GRN.2g056530,Transcription factor,10.78279882
Lcu.1GRN.Chr4,495963594,495964555,Lcu.1GRN.4g072880,Lcu.1GRN.4g072880,Transcription factor,5.603643496
Lcu.1GRN.Chr6,343662027,343662377,Lcu.1GRN.6g043060,Lcu.1GRN.6g043060,Transcription factor RADIALIS-like protein,8.78216075
Lcu.1GRN.Chr6,343719833,343720234,Lcu.1GRN.6g043080,Lcu.1GRN.6g043080,Transcription factor RADIALIS-like protein,5.616251521
Lcu.1GRN.Chr2,54509070,54511244,Lcu.1GRN.2g015750,Lcu.1GRN.2g015750,Transcription termination factor MTERF5;  chloroplastic,12.00765832
Lcu.1GRN.Chr2,1008309,1014173,Lcu.1GRN.2g000590,Lcu.1GRN.2g000590,Transmembrane 9 superfamily member,5.227603011
Lcu.1GRN.Chr4,114435149,114435508,Lcu.1GRN.4g016140,Lcu.1GRN.4g016140,Transmembrane protein,5.256170264
Lcu.1GRN.Chr3,251647930,251654934,Lcu.1GRN.3g030360,Lcu.1GRN.3g030360,transmembrane protein 50 homolog,6.197185444
Lcu.1GRN.Chr6,373757943,373759581,Lcu.1GRN.6g047570,Lcu.1GRN.6g047570,Transmembrane protein;  putative,17.8593868
Lcu.1GRN.Chr6,398297244,398299203,Lcu.1GRN.6g052620,Lcu.1GRN.6g052620,Transmembrane protein;  putative,10.79363024
Lcu.1GRN.Chr4,491751190,491754423,Lcu.1GRN.4g071800,Lcu.1GRN.4g071800,Transmembrane protein;  putative,4.423422974
Lcu.1GRN.Chr3,317408824,317409445,Lcu.1GRN.3g042250,Lcu.1GRN.3g042250,Transposon Ty3-G Gag-Pol polyprotein,6.091331588
Lcu.1GRN.Chr4,107884631,107885258,Lcu.1GRN.4g015170,Lcu.1GRN.4g015170,Transposon Ty3-G Gag-Pol polyprotein,5.323020956
Lcu.1GRN.Chr2,25900538,25902289,Lcu.1GRN.2g009760,Lcu.1GRN.2g009760,Trichohyalin-like,6.760498021
Lcu.1GRN.Chr2,319577279,319579593,Lcu.1GRN.2g042960,Lcu.1GRN.2g042960,Tubulin alpha chain,7.360573388
Lcu.1GRN.Chr4,33101798,33103630,Lcu.1GRN.4g006820,Lcu.1GRN.4g006820,Tubulin beta chain,12.49747911
Lcu.1GRN.Chr6,343328435,343330986,Lcu.1GRN.6g043000,Lcu.1GRN.6g043000,Tubulin beta chain,4.329238055
Lcu.1GRN.Chr4,486500352,486500915,Lcu.1GRN.4g070620,Lcu.1GRN.4g070620,Tudor/PWWP/MBT domain-containing protein,4.38756925
Lcu.1GRN.Chr4,486500981,486501651,Lcu.1GRN.4g070630,Lcu.1GRN.4g070630,Tudor/PWWP/MBT domain-containing protein,4.38756925
Lcu.1GRN.Chr4,486509976,486510512,Lcu.1GRN.4g070650,Lcu.1GRN.4g070650,Tudor/PWWP/MBT domain-containing protein,4.38756925
Lcu.1GRN.Chr7,5176700,5178053,Lcu.1GRN.7g002950,Lcu.1GRN.7g002950,Tunicamycin induced 1,5.268306119
Lcu.1GRN.Chr4,106547990,106550831,Lcu.1GRN.4g015010,Lcu.1GRN.4g015010,Two-component response regulator,25.28579172
Lcu.1GRN.Chr4,106592500,106592933,Lcu.1GRN.4g015020,Lcu.1GRN.4g015020,Two-component response regulator,11.85434829
Lcu.1GRN.Chr4,290598861,290602335,Lcu.1GRN.4g034470,Lcu.1GRN.4g034470,U11/U12 small nuclear ribonucleoprotein 59 kDa protein,7.190895399
Lcu.1GRN.Chr4,486610568,486612696,Lcu.1GRN.4g070670,Lcu.1GRN.4g070670,ubiquitin-conjugating enzyme E2 4-like,5.022381317
Lcu.1GRN.Chr4,486643824,486644684,Lcu.1GRN.4g070700,Lcu.1GRN.4g070700,ubiquitin-conjugating enzyme E2 5-like,5.022381317
Lcu.1GRN.Chr4,486642919,486643542,Lcu.1GRN.4g070690,Lcu.1GRN.4g070690,Ubiquitin-conjugating enzyme family protein,5.022381317
Lcu.1GRN.Chr4,289622738,289625280,Lcu.1GRN.4g034300,Lcu.1GRN.4g034300,UDP-glucose 4-epimerase,5.818362362
Lcu.1GRN.Chr6,348637566,348638495,Lcu.1GRN.6g043840,Lcu.1GRN.6g043840,Ulp1 protease family;  carboxy-terminal domain protein,5.590222861
Lcu.1GRN.Chr4,38891135,38894996,Lcu.1GRN.4g007460,Lcu.1GRN.4g007460,Uracil phosphoribosyltransferase,4.930694445
Lcu.1GRN.Chr5,504130980,504140967,Lcu.1GRN.5g068930,Lcu.1GRN.5g068930,Vacuolar protein sorting-associated protein 35,5.186952497
Lcu.1GRN.Chr6,45703561,45764527,Lcu.1GRN.6g006490,Lcu.1GRN.6g006490,Vacuolar protein sorting-associated protein;  putative,6.418158302
Lcu.1GRN.Chr6,339258469,339261172,Lcu.1GRN.6g042010,Lcu.1GRN.6g042010,VARLMGL domain-containing protein,5.062991919
Lcu.1GRN.Chr6,340953137,340953862,Lcu.1GRN.6g042550,Lcu.1GRN.6g042550,VQ domain-containing protein,5.842797217
Lcu.1GRN.Chr6,342170222,342172219,Lcu.1GRN.6g042750,Lcu.1GRN.6g042750,WAT1-related protein,8.207236982
Lcu.1GRN.Chr7,631271886,631278911,Lcu.1GRN.7g069710,Lcu.1GRN.7g069710,WD repeat-containing protein 43,8.101208436
Lcu.1GRN.Chr4,488679521,488690482,Lcu.1GRN.4g071100,Lcu.1GRN.4g071100,WD_REPEATS_REGION domain-containing protein,13.03493437
Lcu.1GRN.Chr2,415393456,415402026,Lcu.1GRN.2g056250,Lcu.1GRN.2g056250,WD_REPEATS_REGION domain-containing protein,9.526092484
Lcu.1GRN.Chr6,274615658,274616054,Lcu.1GRN.6g031790,Lcu.1GRN.6g031790,zf-GRF domain-containing protein,6.408364995
Lcu.1GRN.Chr4,106192666,106207262,Lcu.1GRN.4g014970,Lcu.1GRN.4g014970,Zinc finger family protein,9.000268504
Lcu.1GRN.Chr2,980879,985532,Lcu.1GRN.2g000540,Lcu.1GRN.2g000540,zinc finger transcription factor YY1-like,5.210495468
